"nS","nCl","ATS0m","AATS3v","AATS7v","AATS8v","AATS5p","AATS8p","AATS1i","AATS2i","AATS5i","ATSC1m","ATSC3m","ATSC4m","ATSC5m","ATSC6m","ATSC8m","ATSC1p","ATSC5p","ATSC6p","ATSC7p","AATSC0m","AATSC1m","AATSC2m","AATSC3m","AATSC4m","AATSC8m","AATSC4p","MATS2c","MATS5m","GATS2c","GATS4m","GATS5m","GATS2p","C3SP2","Mi","CrippenLogP","FMF","MIC2","ZMIC2","ZMIC4","MLogP","VE3_D","NewPredicted"
0,4,9446.445274,234.068124255074,231.532530531939,211.305390101298,1.48015514135901,1.63806472078419,149.23471996833,153.81378391638,162.723262613506,5.12580201859516,-1446.5716873657,622.716669642561,-65.7556850888434,125.730176002065,691.87339926033,0.931903489383474,-0.758596558335682,3.04486341413777,-5.86122145906295,89.590763481405,0.113906711524337,0.44159577768595,-17.4285745465747,7.68786011904397,8.64841749075412,-0.0192609815749522,-0.00326779739465499,-0.0103374095019767,0.9452284699594,1.01909760971594,0.844944570791773,0.625488374070366,2,7.58767994011976,4.83108,0.5,51.2632319234778,50.6070426588017,30.3511868374022,2.12,2.35353653324257,0.8616
