"nS","nCl","ATS0m","AATS3v","AATS7v","AATS8v","AATS5p","AATS8p","AATS1i","AATS2i","AATS5i","ATSC1m","ATSC3m","ATSC4m","ATSC5m","ATSC6m","ATSC8m","ATSC1p","ATSC5p","ATSC6p","ATSC7p","AATSC0m","AATSC1m","AATSC2m","AATSC3m","AATSC4m","AATSC8m","AATSC4p","MATS2c","MATS5m","GATS2c","GATS4m","GATS5m","GATS2p","C3SP2","Mi","CrippenLogP","FMF","MIC2","ZMIC2","ZMIC4","MLogP","VE3_D","NewPredicted"
0,0,4119.57536900001,261.967977699162,164.965207256792,156.945622969904,1.44843141248894,1.13259186414805,142.512046356832,150.790237423268,153.544099890372,130.482560738988,-228.717292522024,-568.184911527941,-329.518324558186,-80.0196637764634,209.069158571334,-1.06349426242733,-4.66635676433016,-1.91545253643589,-0.236628296648483,33.0157049086128,2.96551274406792,1.40721600805393,-2.59906014229573,-5.68184911527941,3.54354506053108,-0.0367446980267059,-0.113207115728307,-0.0950538468399725,1.33052119891869,1.02401039721168,1.03735103970161,0.580241018774079,5,7.44035777675419,4.62839,0.615384615384615,36.2225342986586,41.2255559078492,26.0465024819999,3.11,-9.01826939251145,0.853166666666667
