"nS","nCl","ATS0m","AATS3v","AATS7v","AATS8v","AATS5p","AATS8p","AATS1i","AATS2i","AATS5i","ATSC1m","ATSC3m","ATSC4m","ATSC5m","ATSC6m","ATSC8m","ATSC1p","ATSC5p","ATSC6p","ATSC7p","AATSC0m","AATSC1m","AATSC2m","AATSC3m","AATSC4m","AATSC8m","AATSC4p","MATS2c","MATS5m","GATS2c","GATS4m","GATS5m","GATS2p","C3SP2","Mi","CrippenLogP","FMF","MIC2","ZMIC2","ZMIC4","MLogP","VE3_D","NewPredicted"
0,0,3027.534691,219.007112553075,212.983349637653,186.51664792318,1.44789974781694,1.4501034756349,140.637636249591,144.778026646594,156.151687617726,49.5630690688888,192.34471257,-83.0699910366667,-270.518183447778,-138.05644422,-362.610988722222,-0.24395927310949,1.35881345770599,0.11420306491362,0.145858854824354,31.8788959655555,1.54884590840277,-1.97604834155556,3.05309067571429,-1.45736826380117,-9.06527471805555,-0.0101057613697216,-0.080590482572662,-0.180549101732466,1.02450320028013,1.08576134295907,1.20944344848787,1.05319756212233,2,7.41552640718563,3.95479,0.6,33.2241358243848,35.6638455770921,22.6197415255876,2.89,-4.03346322127792,0.856933333333333
