"ATS5i","IC2","ATS4p","ATSC4v","JGI9","C3SP3","ATS4i","ATS3p","ATS2p","TPC","MPC9","MPC8","MPC7","MPC10","IC4","C4SP3","GGI3","ATS4v","ATS3v","ATSC4i","ZMIC0","MWC10","ATS3i","ATS6i","GGI2","nT10Ring","nF10Ring","IC5","MWC9","MWC8","MWC7","MPC6","ATS5p","TIC4","TIC3","GGI6","TSRW","MWC6","MPC5","MPC4","TIC5","ATS2v","SRW8","SRW10","ATS2i","IC3","ATS5v","ATS1p","SpMAD_Dt","MWC5","MPC3","SpMax_Dt","NewPredicted"
7339.1293180331,3.26624789731273,78.3387490539429,-43.127846130279,0.0045,0,8951.5356266895,95.8436312747919,91.4074668099999,493,62,59,57,52,4.77355726227519,0,1,11517.337701824,13797.4480908437,-2.43649802096199,57.5831741432312,11.4605473718749,9608.03874774895,6366.041745163,2,1,1,4.77355726227519,10.5939561488903,9.73157166845605,8.866581653304,53,68.051288147396,143.206717868256,129.206717868256,0.205714285714286,10.0107263032057,8.00670084544037,58,47,143.206717868256,13357.1130823319,8.146419323098,9.79272357555127,7238.9013323297,4.30689059560852,10043.5583740095,64.56340741,18.0984853252561,7.14440718032114,37,171.935610589933,22.0724283019048
