"nS","nCl","ATS0m","AATS3v","AATS7v","AATS8v","AATS5p","AATS8p","AATS1i","AATS2i","AATS5i","ATSC1m","ATSC3m","ATSC4m","ATSC5m","ATSC6m","ATSC8m","ATSC1p","ATSC5p","ATSC6p","ATSC7p","AATSC0m","AATSC1m","AATSC2m","AATSC3m","AATSC4m","AATSC8m","AATSC4p","MATS2c","MATS5m","GATS2c","GATS4m","GATS5m","GATS2p","C3SP2","Mi","CrippenLogP","FMF","MIC2","ZMIC2","ZMIC4","MLogP","VE3_D","NewPredicted"
1,3,8767.45445199999,224.555986228124,201.45998289325,199.131519685181,1.65879793316432,1.58276353766296,146.537199465948,150.26098475278,156.014493736307,34.7326670557855,-1279.80623095455,615.696439030991,-272.688127384299,172.28842768595,-512.991744809918,1.51965990293871,-0.788759495067143,-1.0755964387582,0.0640271033912092,89.6042083533059,0.771837045684123,-6.74279631668962,-14.5432526244835,6.7658949344065,-6.41239681012398,0.0124717440851004,0.0563756266325632,-0.035386643519966,0.869670034112862,1.08807876251118,1.05142250067885,0.931259627265418,2,7.53919213391399,5.75389,0.477272727272727,48.6067933745657,46.8614978855249,28.2750298851705,2.34,2.00979849394919,0.9564
