"nS","nCl","ATS0m","AATS3v","AATS7v","AATS8v","AATS5p","AATS8p","AATS1i","AATS2i","AATS5i","ATSC1m","ATSC3m","ATSC4m","ATSC5m","ATSC6m","ATSC8m","ATSC1p","ATSC5p","ATSC6p","ATSC7p","AATSC0m","AATSC1m","AATSC2m","AATSC3m","AATSC4m","AATSC8m","AATSC4p","MATS2c","MATS5m","GATS2c","GATS4m","GATS5m","GATS2p","C3SP2","Mi","CrippenLogP","FMF","MIC2","ZMIC2","ZMIC4","MLogP","VE3_D","NewPredicted"
0,0,5603.65318600001,197.080262634801,157.356626819786,177.372156093106,1.51464766644691,1.25527263365359,142.552222259272,151.370436050615,150.379416384539,214.692720420397,-342.239834584806,-230.358166944848,81.1958429157141,-502.755109261187,610.264607269511,-1.35484106267635,-2.18120162150694,-4.87131430637623,-2.21475034442618,35.2087151030177,3.20436896149846,-6.64472840380233,-2.53510988581338,-1.63374586485708,5.21593681426933,0.02726357842739,-0.188092702242314,0.0150727392979289,1.3476730620414,0.960494228025296,0.842253634458207,1.01258254352018,3,7.51161970253042,4.16620000000001,0.548387096774194,29.6598847348232,64.9631228809778,52.1531779031129,3.88,-120.963716441255,0.883833333333333
