"ATS5i","IC2","ATS4p","ATSC4v","JGI9","C3SP3","ATS4i","ATS3p","ATS2p","TPC","MPC9","MPC8","MPC7","MPC10","IC4","C4SP3","GGI3","ATS4v","ATS3v","ATSC4i","ZMIC0","MWC10","ATS3i","ATS6i","GGI2","nT10Ring","nF10Ring","IC5","MWC9","MWC8","MWC7","MPC6","ATS5p","TIC4","TIC3","GGI6","TSRW","MWC6","MPC5","MPC4","TIC5","ATS2v","SRW8","SRW10","ATS2i","IC3","ATS5v","ATS1p","SpMAD_Dt","MWC5","MPC3","SpMax_Dt","NewPredicted"
23008.0507068344,3.45261969678576,205.729791218376,396.351715901217,0.00727623456790124,1,21633.643114841,190.540016817282,168.904471169094,1168,180,162,138,204,4.22681324517285,0,1.41666666666667,27874.2474528943,26605.8354556981,24.0774519152681,117.164594779593,12.1726968177065,20875.9400957578,26481.1988190964,3.5,0,0,4.22681324517285,11.2985805915124,10.4265875371775,9.5544264070745,114,231.741092966377,262.062421200717,250.062421200717,0.810884353741497,10.7302692454036,8.68558484267669,102,78,262.062421200717,24188.6664452787,8.78124833323686,10.4066539189346,16802.1184016182,4.03326485807608,31134.0821915334,122.55162068,18.5996424597362,7.81561053203519,63,316.193921815515,18.1777926903571
