"nS","nCl","ATS0m","AATS3v","AATS7v","AATS8v","AATS5p","AATS8p","AATS1i","AATS2i","AATS5i","ATSC1m","ATSC3m","ATSC4m","ATSC5m","ATSC6m","ATSC8m","ATSC1p","ATSC5p","ATSC6p","ATSC7p","AATSC0m","AATSC1m","AATSC2m","AATSC3m","AATSC4m","AATSC8m","AATSC4p","MATS2c","MATS5m","GATS2c","GATS4m","GATS5m","GATS2p","C3SP2","Mi","CrippenLogP","FMF","MIC2","ZMIC2","ZMIC4","MLogP","VE3_D","NewPredicted"
0,0,5904.72915500001,213.43782317373,148.010613718209,152.338040639471,1.28685770728459,1.09659156886064,146.957648262386,155.448679325332,159.043209973337,124.937180551271,-385.481221801757,433.723808197998,-620.622655245117,-442.573649920656,-49.9087282290057,-0.706589055854485,-1.14407391887894,-8.56253508694324,-1.98485506627345,36.1207929274902,1.89298758411016,3.79683747018676,-2.75343729858398,2.42303803462568,-0.30065498933136,-0.00533324283098452,-0.0359127598782185,-0.0954548159330848,1.16360317193945,0.908133611587492,1.09101588563286,0.860363901383442,4,7.60135897267964,3.04968,0.375,39.5964138710593,38.7509394500826,29.3501878900165,3.33,-2.69527343492645,0.808766666666667
