"nS","nCl","ATS0m","AATS3v","AATS7v","AATS8v","AATS5p","AATS8p","AATS1i","AATS2i","AATS5i","ATSC1m","ATSC3m","ATSC4m","ATSC5m","ATSC6m","ATSC8m","ATSC1p","ATSC5p","ATSC6p","ATSC7p","AATSC0m","AATSC1m","AATSC2m","AATSC3m","AATSC4m","AATSC8m","AATSC4p","MATS2c","MATS5m","GATS2c","GATS4m","GATS5m","GATS2p","C3SP2","Mi","CrippenLogP","FMF","MIC2","ZMIC2","ZMIC4","MLogP","VE3_D","NewPredicted"
0,1,4183.71001500001,173.532286940456,148.889804100302,113.599357687872,1.29564418984268,1.01050916062203,145.21773020939,153.034984081594,157.376325660883,-239.459134999998,-70.9884402602035,-314.92537252551,49.3458488265303,-250.446779214286,-103.526557581636,-1.0393574950476,0.438797256765637,-0.357343972487492,-4.71765559839787,51.3364466377551,-5.70140797619043,-2.59626523061222,-0.797622924271949,-3.38629432823129,-1.07840164147538,0.00290149574011742,-0.129538583890571,0.0104480920896663,1.24449481245944,0.724824458697684,0.610397632128779,0.954866894473544,2,7.58070467636156,4.08042,0.333333333333333,27.0755666655691,31.7308289547531,20.6500756248009,3,1.73007925520871,0.466166666666667
