"ATS5i","IC2","ATS4p","ATSC4v","JGI9","C3SP3","ATS4i","ATS3p","ATS2p","TPC","MPC9","MPC8","MPC7","MPC10","IC4","C4SP3","GGI3","ATS4v","ATS3v","ATSC4i","ZMIC0","MWC10","ATS3i","ATS6i","GGI2","nT10Ring","nF10Ring","IC5","MWC9","MWC8","MWC7","MPC6","ATS5p","TIC4","TIC3","GGI6","TSRW","MWC6","MPC5","MPC4","TIC5","ATS2v","SRW8","SRW10","ATS2i","IC3","ATS5v","ATS1p","SpMAD_Dt","MWC5","MPC3","SpMax_Dt","NewPredicted"
2958.7311598868,2.04445108611554,81.5674250872819,-625.901627098358,0,0,7836.5320046349,78.82906344,63.239322458188,66,0,0,0,0,2.04445108611554,0,0.5,7124.54771242182,8423.07706584675,-28.0717966400252,46.7701678373421,10.0100523427642,5168.8260035996,4569.43105480876,1.77777777777778,0,0,1.84777447933045,9.232590980911,8.45638105201948,7.67832635650689,4,40.08253172,47.0223749806574,47.0223749806574,0,8.90381521172292,6.90475076996184,8,8,42.4988130246004,7098.99941210867,7.15539630189673,8.64488255255713,6295.21918156079,2.04445108611554,4671.83192525052,43.75653172,5.73524368691311,6.12468339089421,12,31.5438402780221,30.0355328252088
