"nS","nCl","ATS0m","AATS3v","AATS7v","AATS8v","AATS5p","AATS8p","AATS1i","AATS2i","AATS5i","ATSC1m","ATSC3m","ATSC4m","ATSC5m","ATSC6m","ATSC8m","ATSC1p","ATSC5p","ATSC6p","ATSC7p","AATSC0m","AATSC1m","AATSC2m","AATSC3m","AATSC4m","AATSC8m","AATSC4p","MATS2c","MATS5m","GATS2c","GATS4m","GATS5m","GATS2p","C3SP2","Mi","CrippenLogP","FMF","MIC2","ZMIC2","ZMIC4","MLogP","VE3_D","NewPredicted"
0,0,11413.001956,212.143277037024,170.680144246657,180.191627991366,1.39403580064867,1.37591711294049,145.582360749753,155.034669478727,153.828553051289,-15.2037016756332,-801.787345932281,-710.311070411709,73.4878844138764,837.870119944114,-419.991658012894,-0.618846486037468,-1.40844283109395,0.708965260469602,-4.17568048913061,35.8116204133297,-0.123607330696205,3.97821514137078,-3.42644164928325,-2.65041444183474,-2.30764647259832,0.00584347501118976,-0.177186378461679,0.00757220706819289,1.15923461603547,0.951751811336217,0.854510978807593,0.798260621407102,8,7.5655468832826,0.569140000000012,0.311475409836066,35.2279915950716,105.392747662746,60.7702828052307,5.42,-243.217797421578,0.6822
