"ATS5i","IC2","ATS4p","ATSC4v","JGI9","C3SP3","ATS4i","ATS3p","ATS2p","TPC","MPC9","MPC8","MPC7","MPC10","IC4","C4SP3","GGI3","ATS4v","ATS3v","ATSC4i","ZMIC0","MWC10","ATS3i","ATS6i","GGI2","nT10Ring","nF10Ring","IC5","MWC9","MWC8","MWC7","MPC6","ATS5p","TIC4","TIC3","GGI6","TSRW","MWC6","MPC5","MPC4","TIC5","ATS2v","SRW8","SRW10","ATS2i","IC3","ATS5v","ATS1p","SpMAD_Dt","MWC5","MPC3","SpMax_Dt","NewPredicted"
41687.5378768993,3.75205366780378,376.14337640015,-421.769193346796,0.00900000000000001,0,41502.0004051259,361.929244781585,309.327230276377,1557,192,216,200,176,4.5754383753257,0,3.875,48355.2314642836,49641.5268266635,25.3895408147875,227.833622060431,12.5601707723254,35453.0510828893,40711.0174130254,8.88888888888887,0,0,4.05652547880415,11.6905275693141,10.8291541928888,9.96679093620537,164,377.783701975791,558.203481789736,565.120055477258,1.12326530612245,11.102834674872,9.11504019212186,152,120,494.896108414107,44709.7458319145,9.2688922589258,10.8746262534493,30386.7952178305,4.63213160227261,47812.9523129008,221.432867444,12.2198013763291,8.26230094178745,108,213.679031883732,10.1011430435606
