"nS","nCl","ATS0m","AATS3v","AATS7v","AATS8v","AATS5p","AATS8p","AATS1i","AATS2i","AATS5i","ATSC1m","ATSC3m","ATSC4m","ATSC5m","ATSC6m","ATSC8m","ATSC1p","ATSC5p","ATSC6p","ATSC7p","AATSC0m","AATSC1m","AATSC2m","AATSC3m","AATSC4m","AATSC8m","AATSC4p","MATS2c","MATS5m","GATS2c","GATS4m","GATS5m","GATS2p","C3SP2","Mi","CrippenLogP","FMF","MIC2","ZMIC2","ZMIC4","MLogP","VE3_D","NewPredicted"
0,1,5482.37559200001,217.269411800486,183.844889174727,200.099437284505,1.32195675177975,1.48586891295665,145.48804742245,157.917117700779,155.66307388383,-32.4462104573371,-799.097094371441,-326.636740276356,-19.7657919187009,684.035968822751,-394.042501391838,-1.80327476367018,-1.61143250698897,2.49235945500214,-1.67657955487108,45.1041607963229,-0.540770174288952,2.9734004349832,-6.49672434448326,-2.05431912123494,-3.54993244497151,-0.00730825320855611,-0.209701605590018,-0.00265591191988041,2.09172544078149,0.717521903617291,0.672445458020892,0.565335791148512,4,7.57160986501573,1.55416000000001,0.322033898305085,26.0270195998934,53.8247861527916,38.6089939823234,3.77,3.2191836644561,0.582766666666667
