"nS","nCl","ATS0m","AATS3v","AATS7v","AATS8v","AATS5p","AATS8p","AATS1i","AATS2i","AATS5i","ATSC1m","ATSC3m","ATSC4m","ATSC5m","ATSC6m","ATSC8m","ATSC1p","ATSC5p","ATSC6p","ATSC7p","AATSC0m","AATSC1m","AATSC2m","AATSC3m","AATSC4m","AATSC8m","AATSC4p","MATS2c","MATS5m","GATS2c","GATS4m","GATS5m","GATS2p","C3SP2","Mi","CrippenLogP","FMF","MIC2","ZMIC2","ZMIC4","MLogP","VE3_D","NewPredicted"
3,0,4353.70039200001,233.974362940187,114.736616370519,31.0837444309302,2.004126586,0.444612904849,149.365809652127,170.141058961102,147.93655799434,74.0400741285441,137.811914241966,-2461.59770299244,44.8263951682417,-2665.34436412099,2333.44443293762,-0.603361469221651,-0.473445792012789,-9.84547664772893,-5.84818223591991,107.226628128544,3.36545791493382,50.6517728597047,3.82810872894349,-49.2319540598488,64.8179009149339,-0.282368573772948,-0.177744586784946,0.0209026414196776,2.19866482899112,2.1224926342172,0.686120037585647,0.338733382167083,0,7.57332324915387,0.84569,0,29.8116511684251,37.3274107630157,37.3274107630157,1.57,-40.4104806266448,0.9199
