"nS","nCl","ATS0m","AATS3v","AATS7v","AATS8v","AATS5p","AATS8p","AATS1i","AATS2i","AATS5i","ATSC1m","ATSC3m","ATSC4m","ATSC5m","ATSC6m","ATSC8m","ATSC1p","ATSC5p","ATSC6p","ATSC7p","AATSC0m","AATSC1m","AATSC2m","AATSC3m","AATSC4m","AATSC8m","AATSC4p","MATS2c","MATS5m","GATS2c","GATS4m","GATS5m","GATS2p","C3SP2","Mi","CrippenLogP","FMF","MIC2","ZMIC2","ZMIC4","MLogP","VE3_D","NewPredicted"
0,1,2428.088556,105.251275982703,96.4310002625857,88.7132590074825,0.969472325703957,0.920092671027222,145.466528313532,157.274897903037,167.785628506932,-39.5989445917169,29.5812326627223,19.7987734911245,10.0163143195269,0.233855147929184,-19.3310631952662,-0.404912883049335,0.0955177064649645,0.0860248992092718,0.0765320919535783,60.6898582544379,-1.58395778366868,-10.2730600364892,0.469543375598767,0.366643953539343,-1.07394795529257,0.00194463914297513,-0.217424560301984,0.00366757756663365,1.16945486986355,0.8016030863804,0.876674516771161,1.29515973916911,0,7.6974564947029,3.5857,0,20.2300010253178,26.4552035054168,30.3860798491071,2.23,-30.9050147671909,0.517122222222222
