"nS","nCl","ATS0m","AATS3v","AATS7v","AATS8v","AATS5p","AATS8p","AATS1i","AATS2i","AATS5i","ATSC1m","ATSC3m","ATSC4m","ATSC5m","ATSC6m","ATSC8m","ATSC1p","ATSC5p","ATSC6p","ATSC7p","AATSC0m","AATSC1m","AATSC2m","AATSC3m","AATSC4m","AATSC8m","AATSC4p","MATS2c","MATS5m","GATS2c","GATS4m","GATS5m","GATS2p","C3SP2","Mi","CrippenLogP","FMF","MIC2","ZMIC2","ZMIC4","MLogP","VE3_D","NewPredicted"
0,1,6354.41166100001,225.370688666985,113.883346221518,110.19180272767,1.29803848855062,0.93630354699741,148.506117112253,148.36477424153,160.514491661925,-132.219542098247,-910.205548802068,-302.90476858374,-52.6209866078724,-865.430857467107,114.226228016661,2.03331966435273,-0.168532372013994,-6.56645438332635,2.21923025456284,44.5158304734272,-2.13257325964914,2.16824985555588,-7.11098085001615,-2.14826077009745,2.5960506367423,-0.0222698310344486,0.100798783535107,-0.00985061307558955,0.788938209407252,0.760535812689309,0.747223644376789,0.864212741715956,4,7.55263782604283,3.14378,0,34.6054098784998,48.1587892630384,27.0937827820545,3.66,-8.30038101502738,0.603566666666667
