"ATS5i","IC2","ATS4p","ATSC4v","JGI9","C3SP3","ATS4i","ATS3p","ATS2p","TPC","MPC9","MPC8","MPC7","MPC10","IC4","C4SP3","GGI3","ATS4v","ATS3v","ATSC4i","ZMIC0","MWC10","ATS3i","ATS6i","GGI2","nT10Ring","nF10Ring","IC5","MWC9","MWC8","MWC7","MPC6","ATS5p","TIC4","TIC3","GGI6","TSRW","MWC6","MPC5","MPC4","TIC5","ATS2v","SRW8","SRW10","ATS2i","IC3","ATS5v","ATS1p","SpMAD_Dt","MWC5","MPC3","SpMax_Dt","NewPredicted"
19261.738999431,3.81585492291554,191.913457176376,-764.930974673146,0,0,22351.7862893863,208.632089199396,180.770502393943,1203,174,172,154,132,5.12607473492921,0,2.1875,25011.6181884765,28847.4481493741,1.29575760283115,112.509575945495,12.3532116581139,19502.9186317008,15173.512144369,3.99999999999999,4,4,5.53285439594615,11.4516775239307,10.5549008646118,9.65367913251243,140,155.764618626074,302.438409360823,276.438409360823,0.561632653061225,10.8035066159354,8.76045304631527,136,98,326.438409360823,25838.8112896444,8.88999735728484,10.6005022446226,14836.477424153,4.68539676882751,20116.0779223434,119.42023167,20.7406977825744,7.85979918056211,72,191.840350115018,19.6105287727381
