"nS","nCl","ATS0m","AATS3v","AATS7v","AATS8v","AATS5p","AATS8p","AATS1i","AATS2i","AATS5i","ATSC1m","ATSC3m","ATSC4m","ATSC5m","ATSC6m","ATSC8m","ATSC1p","ATSC5p","ATSC6p","ATSC7p","AATSC0m","AATSC1m","AATSC2m","AATSC3m","AATSC4m","AATSC8m","AATSC4p","MATS2c","MATS5m","GATS2c","GATS4m","GATS5m","GATS2p","C3SP2","Mi","CrippenLogP","FMF","MIC2","ZMIC2","ZMIC4","MLogP","VE3_D","NewPredicted"
0,0,2464.769574,237.739648952467,60.186536542094,0,1.08037080424056,0,149.148415627888,148.147523598056,166.822288496247,3.27656720999975,80.4253149,-214.68570751,-304.42209958,129.62060199,0,0.840124018076414,-1.37423769211498,0.658139077602784,1.57834803993487,32.83831629,0.156027009999988,-0.582748011875008,2.0106328725,-5.50476173102565,0,-0.0519981867020541,-0.119111964609647,-0.289697879996727,0.906304496966631,1.11485692866705,1.40736430097833,1.05688545545087,1,7.57053017964072,2.07819,0.5,40.6633644200153,22.1706045218805,21.1774476649481,1.9,-3.71489611578198,0.439070588235294
