"nS","nCl","ATS0m","AATS3v","AATS7v","AATS8v","AATS5p","AATS8p","AATS1i","AATS2i","AATS5i","ATSC1m","ATSC3m","ATSC4m","ATSC5m","ATSC6m","ATSC8m","ATSC1p","ATSC5p","ATSC6p","ATSC7p","AATSC0m","AATSC1m","AATSC2m","AATSC3m","AATSC4m","AATSC8m","AATSC4p","MATS2c","MATS5m","GATS2c","GATS4m","GATS5m","GATS2p","C3SP2","Mi","CrippenLogP","FMF","MIC2","ZMIC2","ZMIC4","MLogP","VE3_D","NewPredicted"
0,0,4488.55180200001,196.631752136465,147.610644272834,122.417157858195,1.27010672680486,1.00957541341336,151.122323359761,153.197000034281,161.075036930152,-143.159228163264,-116.825840142439,-703.192767448146,-114.512533982091,21.9363102557262,-276.690391652646,2.01288713253062,-0.839602689299938,-1.73217060447195,-2.32045036929314,37.2055493102874,-2.92161690129109,5.76789130566812,-1.25619182948859,-7.99082690281984,-6.28841799210558,-0.00392046110536935,0.0518150231054947,-0.0389599340281196,0.682437106402446,1.13068170025956,0.917824208890505,1.06379308616709,2,7.66396357081755,1.98339,0.285714285714286,38.095115255385,26.2104734129723,20.7150229730751,2.56,0.774960540094051,0.678733333333334
