"nS","nCl","ATS0m","AATS3v","AATS7v","AATS8v","AATS5p","AATS8p","AATS1i","AATS2i","AATS5i","ATSC1m","ATSC3m","ATSC4m","ATSC5m","ATSC6m","ATSC8m","ATSC1p","ATSC5p","ATSC6p","ATSC7p","AATSC0m","AATSC1m","AATSC2m","AATSC3m","AATSC4m","AATSC8m","AATSC4p","MATS2c","MATS5m","GATS2c","GATS4m","GATS5m","GATS2p","C3SP2","Mi","CrippenLogP","FMF","MIC2","ZMIC2","ZMIC4","MLogP","VE3_D","NewPredicted"
4,0,5966.72898800001,183.761811261414,203.780452440518,164.622894249631,1.6554903979547,1.50279110333333,146.443869303146,162.385948585913,154.714697693283,569.189800506175,2574.59567093827,-1879.57548967901,-3291.67212304938,-840.475399530863,-2889.6633954074,1.3897117373923,-19.0525490361778,-4.00270298652331,-6.23612395112024,97.897963728395,16.2625657287479,32.1627792787734,35.2684338484695,-25.399668779446,-60.2013207376543,-0.127263523161881,-0.029321447449451,-0.420293742291425,1.85828985248808,1.67331433095006,2.14556961868323,0.564332046794113,0,7.56952927478377,3.05429,0,30.3089640617709,47.9533861314637,47.9533861314637,1.9,-54.6749619395449,0.965366666666667
