"nS","nCl","ATS0m","AATS3v","AATS7v","AATS8v","AATS5p","AATS8p","AATS1i","AATS2i","AATS5i","ATSC1m","ATSC3m","ATSC4m","ATSC5m","ATSC6m","ATSC8m","ATSC1p","ATSC5p","ATSC6p","ATSC7p","AATSC0m","AATSC1m","AATSC2m","AATSC3m","AATSC4m","AATSC8m","AATSC4p","MATS2c","MATS5m","GATS2c","GATS4m","GATS5m","GATS2p","C3SP2","Mi","CrippenLogP","FMF","MIC2","ZMIC2","ZMIC4","MLogP","VE3_D","NewPredicted"
0,0,3204.379331,143.993323939061,87.7892298887532,58.6224139989938,1.06489694554841,0.642175812117214,150.512003108323,156.243746008964,166.175595433436,-31.6324290232552,186.541135373715,166.755942958356,-352.63391237696,-851.52262359113,149.210270080043,0.781634320651178,0.268001227993373,-2.49760212719962,-0.501128311696921,35.5721102130882,-0.73563788426175,-0.783788981738106,1.7936647632088,1.71913343256037,5.32893821714438,-0.00131542461015109,-0.11598178575944,-0.132176175947794,0.824967578760269,0.908223703592467,1.15608746118146,1.27092763279957,1,7.71381676646707,1.41808,0.27906976744186,30.8794423244907,26.6274755783036,21.425191381747,2.45,0.533821981146831,0.688433333333333
