"nS","nCl","ATS0m","AATS3v","AATS7v","AATS8v","AATS5p","AATS8p","AATS1i","AATS2i","AATS5i","ATSC1m","ATSC3m","ATSC4m","ATSC5m","ATSC6m","ATSC8m","ATSC1p","ATSC5p","ATSC6p","ATSC7p","AATSC0m","AATSC1m","AATSC2m","AATSC3m","AATSC4m","AATSC8m","AATSC4p","MATS2c","MATS5m","GATS2c","GATS4m","GATS5m","GATS2p","C3SP2","Mi","CrippenLogP","FMF","MIC2","ZMIC2","ZMIC4","MLogP","VE3_D","NewPredicted"
0,7,10248.703286,333.273700751343,0,0,1.30544988268151,0,140.554691667744,147.350302766234,173.368429144319,6.25884928402309,3468.46465027811,2624.45800911834,-5444.49738556214,-4524.03951791716,0,0.0440816349893052,-6.11588005492907,-9.13769338702715,0,183.560424869823,0.231809232741596,27.4642568794653,45.6376927668172,30.5169535943993,0,-0.00158717119999944,-0.27197695442137,-0.449401796101918,1.38430878052649,0.837655072989704,1.67564580327142,0.39281841737064,1,7.50258859972363,5.43259,0.269230769230769,55.2258857965887,53.2435795032136,44.3489717467833,1.79,-7.0207665916006,0.877866666666667
