"ATS5i","IC2","ATS4p","ATSC4v","JGI9","C3SP3","ATS4i","ATS3p","ATS2p","TPC","MPC9","MPC8","MPC7","MPC10","IC4","C4SP3","GGI3","ATS4v","ATS3v","ATSC4i","ZMIC0","MWC10","ATS3i","ATS6i","GGI2","nT10Ring","nF10Ring","IC5","MWC9","MWC8","MWC7","MPC6","ATS5p","TIC4","TIC3","GGI6","TSRW","MWC6","MPC5","MPC4","TIC5","ATS2v","SRW8","SRW10","ATS2i","IC3","ATS5v","ATS1p","SpMAD_Dt","MWC5","MPC3","SpMax_Dt","NewPredicted"
11442.3163235251,3.6423714487439,172.033860493641,-698.820831568389,0,2,13675.9964464427,206.65406954,133.655942173943,451,0,13,50,0,3.79621760259006,1,6.45138888888888,19225.1657309833,25328.801257102,-36.6281802677875,97.231473120861,12.9872696220694,11314.2714048996,2821.43323840144,7.33333333333334,0,0,3.79621760259006,11.9460900426538,10.9076243129814,9.86604525706026,85,86.1596922569798,98.7016576673415,98.7016576673415,0,11.1026387515828,8.82834762005316,93,79,98.7016576673415,17513.2941628416,8.91206909797013,10.8694632861883,7956.91634937664,3.79621760259006,8316.69891655422,66.18399879,10.8220803325286,7.78613643778307,60,91.9876828264927,25.2144646413095
