"nS","nCl","ATS0m","AATS3v","AATS7v","AATS8v","AATS5p","AATS8p","AATS1i","AATS2i","AATS5i","ATSC1m","ATSC3m","ATSC4m","ATSC5m","ATSC6m","ATSC8m","ATSC1p","ATSC5p","ATSC6p","ATSC7p","AATSC0m","AATSC1m","AATSC2m","AATSC3m","AATSC4m","AATSC8m","AATSC4p","MATS2c","MATS5m","GATS2c","GATS4m","GATS5m","GATS2p","C3SP2","Mi","CrippenLogP","FMF","MIC2","ZMIC2","ZMIC4","MLogP","VE3_D","NewPredicted"
0,0,21745.641784,259.764206642399,260.636075281597,231.674110575325,1.60120363553356,2.07149342504362,142.248979580709,142.926656147058,159.083930653792,-81.322679422497,-4556.76245391907,2238.35689606722,1126.71758709191,-3570.91297289849,-3833.57784081619,1.03472385026109,-1.50609229652487,-3.21741957482167,1.42333660532664,527.710181607682,-2.90438140794632,-6.9755534750375,-81.3707581056976,43.0453249243695,-119.799307525506,0.0640771770828062,0.13705861693935,0.0496536460670617,0.640890744108494,0.786303811010963,0.718237761104022,0.636503577979649,1,7.37154677312043,5.53209,0.518518518518518,61.5427695696431,61.6878903076657,39.1153463145656,2.23,-3.57094761006807,0.983066666666667
